grant,perm
grant,t0
revoke,t0
grant,t1
revoke,t1
grant,t2
revoke,t2
grant,t3
revoke,t3
grant,t4
revoke,t4
grant,t5
revoke,t5
grant,t6
revoke,t6
grant,t7
revoke,t7
grant,t8
revoke,t8
grant,t9
revoke,t9
grant,t10
revoke,t10
grant,t11
revoke,t11
grant,t12
revoke,t12
grant,t13
revoke,t13
grant,t14
revoke,t14
grant,t15
revoke,t15
grant,t16
revoke,t16
grant,t17
revoke,t17
grant,t18
revoke,t18
grant,t19
revoke,t19
grant,t20
revoke,t20
grant,t21
revoke,t21
grant,t22
revoke,t22
grant,t23
revoke,t23
grant,t24
revoke,t24
grant,t25
revoke,t25
grant,t26
revoke,t26
grant,t27
revoke,t27
grant,t28
revoke,t28
grant,t29
revoke,t29
grant,t30
revoke,t30
grant,t31
revoke,t31
grant,t32
revoke,t32
grant,t33
revoke,t33
grant,t34
revoke,t34
grant,t35
revoke,t35
grant,t36
revoke,t36
grant,t37
revoke,t37
grant,t38
revoke,t38
grant,t39
revoke,t39
grant,t40
revoke,t40
grant,t41
revoke,t41
grant,t42
revoke,t42
grant,t43
revoke,t43
grant,t44
revoke,t44
grant,t45
revoke,t45
grant,t46
revoke,t46
grant,t47
revoke,t47
grant,t48
revoke,t48
grant,t49
revoke,t49
grant,t50
revoke,t50
grant,t51
revoke,t51
grant,t52
revoke,t52
grant,t53
revoke,t53
grant,t54
revoke,t54
grant,t55
revoke,t55
grant,t56
revoke,t56
grant,t57
revoke,t57
grant,t58
revoke,t58
grant,t59
revoke,t59
grant,t60
revoke,t60
grant,t61
revoke,t61
grant,t62
revoke,t62
grant,t63
revoke,t63
grant,t64
revoke,t64
grant,t65
revoke,t65
grant,t66
revoke,t66
grant,t67
revoke,t67
grant,t68
revoke,t68
grant,t69
revoke,t69
grant,t70
revoke,t70
grant,t71
revoke,t71
grant,t72
revoke,t72
grant,t73
revoke,t73
grant,t74
revoke,t74
grant,t75
revoke,t75
grant,t76
revoke,t76
grant,t77
revoke,t77
grant,t78
revoke,t78
grant,t79
revoke,t79
grant,t80
revoke,t80
grant,t81
revoke,t81
grant,t82
revoke,t82
grant,t83
revoke,t83
grant,t84
revoke,t84
grant,t85
revoke,t85
grant,t86
revoke,t86
grant,t87
revoke,t87
grant,t88
revoke,t88
grant,t89
revoke,t89
grant,t90
revoke,t90
grant,t91
revoke,t91
grant,t92
revoke,t92
grant,t93
revoke,t93
grant,t94
revoke,t94
grant,t95
revoke,t95
grant,t96
revoke,t96
grant,t97
revoke,t97
grant,t98
revoke,t98
grant,t99
revoke,t99
grant,t100
revoke,t100
grant,t101
revoke,t101
grant,t102
revoke,t102
grant,t103
revoke,t103
grant,t104
revoke,t104
grant,t105
revoke,t105
grant,t106
revoke,t106
grant,t107
revoke,t107
grant,t108
revoke,t108
grant,t109
revoke,t109
grant,t110
revoke,t110
grant,t111
revoke,t111
grant,t112
revoke,t112
grant,t113
revoke,t113
grant,t114
revoke,t114
grant,t115
revoke,t115
grant,t116
revoke,t116
grant,t117
revoke,t117
grant,t118
revoke,t118
grant,t119
revoke,t119
grant,t120
revoke,t120
grant,t121
revoke,t121
grant,t122
revoke,t122
grant,t123
revoke,t123
grant,t124
revoke,t124
grant,t125
revoke,t125
grant,t126
revoke,t126
grant,t127
revoke,t127
grant,t128
revoke,t128
grant,t129
revoke,t129
grant,t130
revoke,t130
grant,t131
revoke,t131
grant,t132
revoke,t132
grant,t133
revoke,t133
grant,t134
revoke,t134
grant,t135
revoke,t135
grant,t136
revoke,t136
grant,t137
revoke,t137
grant,t138
revoke,t138
grant,t139
revoke,t139
grant,t140
revoke,t140
grant,t141
revoke,t141
grant,t142
revoke,t142
grant,t143
revoke,t143
grant,t144
revoke,t144
grant,t145
revoke,t145
grant,t146
revoke,t146
grant,t147
revoke,t147
grant,t148
revoke,t148
grant,t149
revoke,t149
grant,t150
revoke,t150
grant,t151
revoke,t151
grant,t152
revoke,t152
grant,t153
revoke,t153
grant,t154
revoke,t154
grant,t155
revoke,t155
grant,t156
revoke,t156
grant,t157
revoke,t157
grant,t158
revoke,t158
grant,t159
revoke,t159
grant,t160
revoke,t160
grant,t161
revoke,t161
grant,t162
revoke,t162
grant,t163
revoke,t163
grant,t164
revoke,t164
grant,t165
revoke,t165
grant,t166
revoke,t166
grant,t167
revoke,t167
grant,t168
revoke,t168
grant,t169
revoke,t169
grant,t170
revoke,t170
grant,t171
revoke,t171
grant,t172
revoke,t172
grant,t173
revoke,t173
grant,t174
revoke,t174
grant,t175
revoke,t175
grant,t176
revoke,t176
grant,t177
revoke,t177
grant,t178
revoke,t178
grant,t179
revoke,t179
grant,t180
revoke,t180
grant,t181
revoke,t181
grant,t182
revoke,t182
grant,t183
revoke,t183
grant,t184
revoke,t184
grant,t185
revoke,t185
grant,t186
revoke,t186
grant,t187
revoke,t187
grant,t188
revoke,t188
grant,t189
revoke,t189
grant,t190
revoke,t190
grant,t191
revoke,t191
grant,t192
revoke,t192
grant,t193
revoke,t193
grant,t194
revoke,t194
grant,t195
revoke,t195
grant,t196
revoke,t196
grant,t197
revoke,t197
grant,t198
revoke,t198
grant,t199
revoke,t199
grant,t200
revoke,t200
grant,t201
revoke,t201
grant,t202
revoke,t202
grant,t203
revoke,t203
grant,t204
revoke,t204
grant,t205
revoke,t205
grant,t206
revoke,t206
grant,t207
revoke,t207
grant,t208
revoke,t208
grant,t209
revoke,t209
grant,t210
revoke,t210
grant,t211
revoke,t211
grant,t212
revoke,t212
grant,t213
revoke,t213
grant,t214
revoke,t214
grant,t215
revoke,t215
grant,t216
revoke,t216
grant,t217
revoke,t217
grant,t218
revoke,t218
grant,t219
revoke,t219
grant,t220
revoke,t220
grant,t221
revoke,t221
grant,t222
revoke,t222
grant,t223
revoke,t223
grant,t224
revoke,t224
grant,t225
revoke,t225
grant,t226
revoke,t226
grant,t227
revoke,t227
grant,t228
revoke,t228
grant,t229
revoke,t229
grant,t230
revoke,t230
grant,t231
revoke,t231
grant,t232
revoke,t232
grant,t233
revoke,t233
grant,t234
revoke,t234
grant,t235
revoke,t235
grant,t236
revoke,t236
grant,t237
revoke,t237
grant,t238
revoke,t238
grant,t239
revoke,t239
grant,t240
revoke,t240
grant,t241
revoke,t241
grant,t242
revoke,t242
grant,t243
revoke,t243
grant,t244
revoke,t244
grant,t245
revoke,t245
grant,t246
revoke,t246
grant,t247
revoke,t247
grant,t248
revoke,t248
grant,t249
revoke,t249
grant,t250
revoke,t250
grant,t251
revoke,t251
grant,t252
revoke,t252
grant,t253
revoke,t253
grant,t254
revoke,t254
grant,t255
revoke,t255
grant,t256
revoke,t256
grant,t257
revoke,t257
grant,t258
revoke,t258
grant,t259
revoke,t259
grant,t260
revoke,t260
grant,t261
revoke,t261
grant,t262
revoke,t262
grant,t263
revoke,t263
grant,t264
revoke,t264
grant,t265
revoke,t265
grant,t266
revoke,t266
grant,t267
revoke,t267
grant,t268
revoke,t268
grant,t269
revoke,t269
grant,t270
revoke,t270
grant,t271
revoke,t271
grant,t272
revoke,t272
grant,t273
revoke,t273
grant,t274
revoke,t274
grant,t275
revoke,t275
grant,t276
revoke,t276
grant,t277
revoke,t277
grant,t278
revoke,t278
grant,t279
revoke,t279
grant,t280
revoke,t280
grant,t281
revoke,t281
grant,t282
revoke,t282
grant,t283
revoke,t283
grant,t284
revoke,t284
grant,t285
revoke,t285
grant,t286
revoke,t286
grant,t287
revoke,t287
grant,t288
revoke,t288
grant,t289
revoke,t289
grant,t290
revoke,t290
grant,t291
revoke,t291
grant,t292
revoke,t292
grant,t293
revoke,t293
grant,t294
revoke,t294
grant,t295
revoke,t295
grant,t296
revoke,t296
grant,t297
revoke,t297
grant,t298
revoke,t298
grant,t299
revoke,t299
use,perm
